date,chair
1976-03-29,burns
1976-04-20,burns
1976-05-18,burns
1976-06-22,burns
1976-07-20,burns
1976-08-17,burns
1976-09-21,burns
1976-10-19,burns
1976-11-16,burns
1976-12-21,burns
1977-01-18,burns
1977-02-15,burns
1977-03-15,burns
1977-04-19,burns
1977-05-17,burns
1977-06-21,burns
1977-07-19,burns
1977-08-16,burns
1977-09-20,burns
1977-10-18,burns
1977-11-15,burns
1977-12-20,burns
1978-01-17,burns
1978-02-28,burns
1978-03-21,miller
1978-04-18,miller
1978-05-16,miller
1978-06-20,miller
1978-07-18,miller
1978-08-15,miller
1978-09-19,miller
1978-10-17,miller
1978-11-21,miller
1978-12-19,miller
1979-02-06,miller
1979-03-20,miller
1979-04-17,miller
1979-05-22,miller
1979-07-11,miller
1979-08-14,volcker
1979-09-18,volcker
1979-10-06,volcker
1979-11-20,volcker
1980-01-09,volcker
1980-02-05,volcker
1980-03-18,volcker
1980-04-22,volcker
1980-05-20,volcker
1980-07-09,volcker
1980-08-12,volcker
1980-09-16,volcker
1980-10-21,volcker
1980-11-18,volcker
1980-12-19,volcker
1981-02-03,volcker
1981-03-31,volcker
1981-05-18,volcker
1981-07-07,volcker
1981-08-18,volcker
1981-10-06,volcker
1981-11-17,volcker
1981-12-22,volcker
1982-02-02,volcker
1982-03-30,volcker
1982-05-18,volcker
1982-07-01,volcker
1982-08-24,volcker
1982-10-05,volcker
1982-11-16,volcker
1982-12-21,volcker
1983-02-09,volcker
1983-03-29,volcker
1983-05-24,volcker
1983-07-13,volcker
1983-08-23,volcker
1983-10-04,volcker
1983-11-15,volcker
1983-12-20,volcker
1984-01-31,volcker
1984-03-27,volcker
1984-05-22,volcker
1984-07-17,volcker
1984-08-21,volcker
1984-10-02,volcker
1984-11-07,volcker
1984-12-18,volcker
1985-02-13,volcker
1985-03-26,volcker
1985-05-21,volcker
1985-07-10,volcker
1985-08-20,volcker
1985-10-01,volcker
1985-11-05,volcker
1985-12-17,volcker
1986-02-12,volcker
1986-04-01,volcker
1986-05-20,volcker
1986-07-09,volcker
1986-08-19,volcker
1986-09-23,volcker
1986-11-05,volcker
1986-12-16,volcker
1987-02-11,volcker
1987-03-31,volcker
1987-05-19,volcker
1987-07-07,volcker
1987-08-18,greenspan
1987-09-22,greenspan
1987-11-03,greenspan
1987-12-16,greenspan
1988-02-10,greenspan
1988-03-29,greenspan
1988-05-17,greenspan
1988-06-30,greenspan
1988-08-16,greenspan
1988-09-20,greenspan
1988-11-01,greenspan
1988-12-14,greenspan
1989-02-08,greenspan
1989-03-28,greenspan
1989-05-16,greenspan
1989-07-06,greenspan
1989-08-22,greenspan
1989-10-03,greenspan
1989-11-14,greenspan
1989-12-19,greenspan
1990-02-07,greenspan
1990-03-27,greenspan
1990-05-15,greenspan
1990-07-03,greenspan
1990-08-21,greenspan
1990-10-02,greenspan
1990-11-13,greenspan
1990-12-18,greenspan
1991-02-06,greenspan
1991-03-26,greenspan
1991-05-14,greenspan
1991-07-03,greenspan
1991-08-20,greenspan
1991-10-01,greenspan
1991-11-05,greenspan
1991-12-17,greenspan
1992-02-05,greenspan
1992-03-31,greenspan
1992-05-19,greenspan
1992-07-01,greenspan
1992-08-18,greenspan
1992-10-06,greenspan
1992-11-17,greenspan
1992-12-22,greenspan
1993-02-03,greenspan
1993-03-23,greenspan
1993-05-18,greenspan
1993-07-07,greenspan
1993-08-17,greenspan
1993-09-23,greenspan
1993-11-16,greenspan
1993-12-21,greenspan
1994-02-04,greenspan
1994-03-22,greenspan
1994-05-17,greenspan
1994-07-06,greenspan
1994-08-16,greenspan
1994-09-27,greenspan
1994-11-15,greenspan
1994-12-20,greenspan
1995-02-01,greenspan
1995-03-28,greenspan
1995-05-23,greenspan
1995-07-06,greenspan
1995-08-22,greenspan
1995-09-26,greenspan
1995-11-15,greenspan
1995-12-19,greenspan
1996-01-31,greenspan
1996-03-26,greenspan
1996-05-21,greenspan
1996-07-03,greenspan
1996-08-20,greenspan
1996-09-24,greenspan
1996-11-13,greenspan
1996-12-17,greenspan
1997-02-05,greenspan
1997-03-25,greenspan
1997-05-20,greenspan
1997-07-02,greenspan
1997-08-19,greenspan
1997-09-30,greenspan
1997-11-12,greenspan
1997-12-16,greenspan
1998-02-04,greenspan
1998-03-31,greenspan
1998-05-19,greenspan
1998-07-01,greenspan
1998-08-18,greenspan
1998-09-29,greenspan
1998-11-17,greenspan
1998-12-22,greenspan
1999-02-03,greenspan
1999-03-30,greenspan
1999-05-18,greenspan
1999-06-30,greenspan
1999-08-24,greenspan
1999-10-05,greenspan
1999-11-16,greenspan
1999-12-21,greenspan
2000-02-02,greenspan
2000-03-21,greenspan
2000-05-16,greenspan
2000-06-28,greenspan
2000-08-22,greenspan
2000-10-03,greenspan
2000-11-15,greenspan
2000-12-19,greenspan
2001-01-31,greenspan
2001-03-20,greenspan
2001-05-15,greenspan
2001-06-27,greenspan
2001-08-21,greenspan
2001-10-02,greenspan
2001-11-06,greenspan
2001-12-11,greenspan
2002-01-30,greenspan
2002-03-19,greenspan
2002-05-07,greenspan
2002-06-26,greenspan
2002-08-13,greenspan
2002-09-24,greenspan
2002-11-06,greenspan
2002-12-10,greenspan
2003-01-29,greenspan
2003-03-18,greenspan
2003-05-06,greenspan
2003-06-25,greenspan
2003-08-12,greenspan
2003-09-16,greenspan
2003-10-28,greenspan
2003-12-09,greenspan
2004-01-28,greenspan
2004-03-16,greenspan
2004-05-04,greenspan
2004-06-30,greenspan
2004-08-10,greenspan
2004-09-21,greenspan
2004-11-10,greenspan
2004-12-14,greenspan
2005-02-02,greenspan
2005-03-22,greenspan
2005-05-03,greenspan
2005-06-30,greenspan
2005-08-09,greenspan
2005-09-20,greenspan
2005-11-01,greenspan
2005-12-13,greenspan
2006-01-31,greenspan
2006-03-28,bernanke
2006-05-10,bernanke
2006-06-29,bernanke
2006-08-08,bernanke
2006-09-20,bernanke
2006-10-25,bernanke
2006-12-12,bernanke
2007-01-31,bernanke
2007-03-21,bernanke
2007-05-09,bernanke
2007-06-28,bernanke
2007-08-07,bernanke
2007-09-18,bernanke
2007-10-31,bernanke
2007-12-11,bernanke
2008-01-30,bernanke
2008-03-18,bernanke
2008-04-30,bernanke
2008-06-25,bernanke
2008-08-05,bernanke
2008-09-16,bernanke
2008-10-29,bernanke
2008-12-16,bernanke
2009-01-28,bernanke
2009-03-18,bernanke
2009-04-29,bernanke
2009-06-24,bernanke
2009-08-12,bernanke
2009-09-23,bernanke
2009-11-04,bernanke
2009-12-16,bernanke
2010-01-27,bernanke
2010-03-16,bernanke
2010-04-28,bernanke
2010-06-23,bernanke
2010-08-10,bernanke
2010-09-21,bernanke
2010-11-03,bernanke
2010-12-14,bernanke
2011-01-26,bernanke
2011-03-15,bernanke
2011-04-27,bernanke
2011-06-22,bernanke
2011-08-09,bernanke
2011-09-21,bernanke
2011-11-02,bernanke
2011-12-13,bernanke
2012-01-25,bernanke
2012-03-13,bernanke
2012-04-25,bernanke
2012-06-20,bernanke
2012-08-01,bernanke
2012-09-13,bernanke
2012-10-24,bernanke
2012-12-12,bernanke
2013-01-30,bernanke
2013-03-20,bernanke
2013-05-01,bernanke
2013-06-19,bernanke
2013-07-31,bernanke
2013-09-18,bernanke
2013-10-30,bernanke
2013-12-18,bernanke
2014-01-29,bernanke
2014-03-19,yellen
2014-04-30,yellen
2014-06-18,yellen
2014-07-30,yellen
2014-09-17,yellen
2014-10-29,yellen
2014-12-17,yellen
2015-01-28,yellen
2015-03-18,yellen
2015-04-29,yellen
2015-06-17,yellen
2015-07-29,yellen
2015-09-17,yellen
2015-10-28,yellen
2015-12-16,yellen
2016-01-27,yellen
2016-03-16,yellen
2016-04-27,yellen
2016-06-15,yellen
2016-07-27,yellen
2016-09-21,yellen
2016-11-02,yellen
2016-12-14,yellen
2017-02-01,yellen
2017-03-15,yellen
2017-05-03,yellen
2017-06-14,yellen
2017-07-26,yellen
2017-09-20,yellen
2017-11-01,yellen
2017-12-13,yellen
2018-01-31,yellen
2018-03-21,powell
2018-05-02,powell
2018-06-13,powell
2018-08-01,powell
2018-09-26,powell
2018-11-08,powell
2018-12-19,powell
